序号,标题,发文单位,发文时间,文号,政策类别,正文,来源URL
1,高阳纺织业2000年转型记录,河北资本,2000,,纺织行业、产业升级,2000年左右，三利集团从毛线生产转向毛巾生产和销售。通过对生产机器进行调整，新建部分工厂车间，聘请高端人才等措施，逐渐将毛巾业务做大做强。2015年，公司生产毛巾织物7000吨，相当于全国每年有1亿人次在使用三利毛巾。,http://m.toutiao.com/group/7417094596989944359/
2,高阳纺织商贸城启动运营（2001年5月）,高阳县政府,2001-05-09,,毛巾产业、产业集群、市场建设,"高阳纺织商贸城位于高阳县城东南角，于2001年5月9日启动运营，总控面积525亩，建筑面积23万平方米，总投资3.5亿元人民币。分为13个区（11个门店区、2个棚区）及一个精品展厅，共可容纳常驻商户1200余家和1468家流动商户。市场主营毛巾、浴巾、毛巾被、餐巾、毛线、毛毯等上百个品种，上万个花色。其中精品展厅汇聚了高阳及各地126家企业的纺织精品，是高阳家纺精品展示会的主会场。现在纺织商贸城已经发展成为国内最大的毛巾专业批发市场，成为华北地区最大的纺织品交易物流中心、信息流中心。商贸城内建有""纺织品研发中心""、""质量检测中心""、""知识产权保护中心""和通达全国的""物流配送中心""等，配套服务设施健全。",https://m.baike.com/wiki/高阳纺织商贸城/5052607
3,高阳县2002年织机设备升级换代,高阳县政府,2002,,纺织行业、产业升级,全县织机从2002年的2.2万台开始向无梭织机升级换代。改革开放以后，高阳纺织业开始了真正的腾飞，乡镇企业异军突起，纺织厂家星罗棋布，涌现出百台织机以上的纺织专业村98个。,https://m.baike.com/wiki/高阳纺织博物馆/1483372
4,高阳纺织业发展历程记录（2000-2004年织机增长）,高阳县纺织博物馆,2003,,纺织行业、产业集群,"高阳纺织博物馆建于2003年，总占地面积746平方米，投资200多万元，是全国唯一一座县级专业纺织博物馆。馆内共有藏品1368件，包括明清时期的扔梭织布机、扽梭织布机和民国时期的扽梭提花织布机等纺织机械精品。全县织机从2002年的2.2万台发展到2004年的3.5万台，织机设备实现了从传统有梭织机向无梭织机的升级换代。改革开放以后，高阳纺织业开始了真正的腾飞，乡镇企业异军突起，纺织厂家星罗棋布，涌现出百台织机以上的纺织专业村98个，全县拥有织机35000多台，纺织从业人数近20万人，纱、丝年吞吐量占全国总产量的四分之一。全县纺织业总产值40亿元，实现利税6300多万元。全县农民纯收入的一半来自纺织业。产品行销全国各地，在五大洋洲也倍受青睐。1997年，高阳被河北省人民政府命名为""纺织强县""。",https://m.baike.com/wiki/高阳纺织博物馆/1483372
5,卡缦公司设计总监史树雷进入高阳从事设计工作,上游新闻,2004,,纺织行业、品牌建设,来自河北沧州的史树雷大学学的是美术专业，2004年毕业后，在老师的推荐下来到高阳从事设计工作，至今已整整20年。上世纪90年代，高阳及周边地区纺织产业在设计制版方面仍采用传统手法，工人将一张硫酸纸铺在毛巾上描绘花纹，在牛皮纸上打孔制版。史树雷将电脑知识运用到设计工作当中，相比以往传统的设计制版方法能节省一半时间。2011年企业领导层决定向毛巾生产方向转型，2013年成立了卡缦公司，工厂也正式投入生产，目前已经成为高阳毛巾行业中的领军企业。,http://m.toutiao.com/group/7417094596989944359/
6,高阳纺织产业2000年后转型升级记录,河北资本,2005,,纺织行业、产业升级,"改革开放以后，高阳坚持发挥历史传统优势，积极发展纺织业，逐步形成毛巾、毛线、毛毯三大主导产品为主，毛纺、棉纺、棉织、毛巾和毛毯五大支柱为支撑，纺、织、印、染门类齐全，专业化分工明细的纺织工业体系，已成为国家级的纺织基地。高阳的""多妙""、""三利""、""双羊""、""春燕""等名牌产品风靡全国，行销二十多个国家和地区。三利集团有限公司，通过iso9002国际质量体系认证，拥有自营进出口许可权，三利品牌被命名为中国驰名商标。双羊牌毛线被评为省级质量免检产品，并列入中国名牌产品行列，被国际羊毛局认可，并颁发了纯羊毛标志证书。",http://www.gyfzzs.com/about.html
7,柏立信参加广交会获取外贸订单（2005年）,河北经济日报,2005,,毛巾产业、外贸出口、品牌建设,河北柏立信家纺股份有限公司从高阳县野王村的一个家庭作坊起步，2005年参加广交会（中国进出口商品交易会）成为企业出海的重要转折点。当时企业面临订单大幅减少、销售渠道遇阻的困境，企业负责人带着在北京第二外国语学院上大学的女儿参加广交会。没有提前租展位，借用别人的一小块地方摆上自家产的毛巾、围巾寻找客户。一位澳大利亚老华侨热心地把常用的纺织贸易专业术语写在纸上帮助交流。广交会七天下来，一共接了20多个集装箱的订单。此后柏立信每年都参加广交会，没有一次缺席，陆续参加法兰克福等国外知名专业展会，麦德龙、无印良品、阿玛尼、香奈儿、迪奥、宜家、欧莱雅、迪士尼都成为客户，出口规模从千万元级逐渐跨上亿元级，产品远销美国、欧盟、日本、韩国等34个国家和地区。,http://m.toutiao.com/group/7403722635349066240/
8,高阳县污水处理厂建设（2006年）,高阳县政府,2006,,环保治理、循环经济、产业集群,2006年，高阳县投资1.78亿元建成日处理能力6万吨的污水处理厂，并同步建设24.5公里的配套管网，引导企业将印染废水集中到污水处理厂统一处理。这是全省最大的县级污水处理厂，为破解纺织产业环保瓶颈提供了关键支撑。污水处理厂的建设标志着高阳纺织产业从粗放型发展向绿色循环经济的重大转变。,http://www.gaoyang.gov.cn/com_show.asp?infoid=109
9,高阳纺织商贸城2007年交易额达30多亿元,高阳县纺织商贸城管委会,2007,,毛巾产业、产业集群、市场建设,高阳纺织商贸城于2001年5月启动运营，总投资3.5亿元，占地525亩，建筑面积23万平方米。有固定门店1282套和1.2万平方米的棚区，可容纳固定商户1200余家和1468个临近商户。市场主营毛巾、浴巾、毛巾被等上百个品种，上万个花色。产品销往全国各地，并出口俄罗斯、韩国、罗马尼亚、南非等30多个国家和地区。2007年市场交易额达30多亿元。是目前全国规模最大的毛巾专业批发市场。市场设施完备，自动消防、闭路监控、有线电视、大型电子显示屏、计算机网络等一应俱全。,http://m.efu.com.cn/corp/1076681.html
10,高阳县纺织业外贸出口基地建设起步,河北省工信厅,2007,,毛巾产业、外贸出口,高阳县纺织产业外贸出口逐步发展，现有出口企业500多家，出口总量居全国第三。近三年出口年均增长10%以上，产品远销到美国、俄罗斯、日本、罗马尼亚等50多个国家和地区，高档毛巾制品逐渐打入欧美市场。在境外设立了200多个营销网点。建设了产品创新、检测环保、交易展示、电子商务、人才培训5大类14个外贸公共服务平台。,http://www.gyfzzs.com/about.html
11,高阳纺织业发展百年历程与乡村社会变迁（2002-2008年）,中国社会科学出版社,2008,,纺织行业、产业集群,高阳纺织区是华北著名的乡村工业区，从1908年进入现代化历程到改革开放后的加速现代化阶段，高阳纺织区具有上百年的发展历程。改革开放后的逐步发展阶段（1982-2008）：1992-2001年，高阳纺织业进入新一轮发展高潮；2002-2008年，纺织业产值持续增长，产业集群效应显著增强。全县纺织业总产值40亿元，实现利税6300多万元，全县农民纯收入的一半来自纺织业。,https://www.sklib.cn/booklib/bookPreview?SiteID=122&ID=6949205&fromSubID=267
12,高阳县污水处理厂扩容升级（2008-2012年三次提升改造）,经济日报,2008,,环保治理、循环经济,高阳县加大污水处理力度，从2008年开始经过三次提升改造，建成了目前河北省最大的县级污水处理厂。现在厂区日处理污水能力达到26万吨，转化再生水6万吨，实现了纺织企业污水和城区居民生活污水同步处理，出水水质达到大清河流域排放标准，确保不让一滴污水流入白洋淀。通过超滤和反渗透技术，把污水中的悬浮物等杂质去除掉，转化为再生水，然后通过管道输送给本地的印染企业，不仅实现了水的循环利用，每年还可节省地下水近2000万吨。,https://m.chinanews.com/wap/detail/chs/zw/10118060.shtml
13,"高阳被中国纺织工业协会评为""中国毛巾·毛毯名城""（2009年）",中国纺织工业协会,2009,,毛巾产业、品牌建设,"2009年高阳被中国纺织工业协会评为""中国毛巾·毛毯名城""。这是高阳纺织产业发展的重要里程碑，标志着高阳毛巾产业在全国的领先地位得到官方认可。高阳毛巾产量占全国产量的30%，毛毯占20%，出口额近3亿美元，成为省级出口基地。全县拥有纺织专业村98个，纺织企业及个体加工户4000余家。",http://www.gyfzzs.com/about.html
14,高阳纺织商贸城2009年成交额35亿元,高阳纺织商贸城管委会,2009,,毛巾产业、电子商务、市场建设,即使在全球金融危机的背景下，高阳纺织商贸城依然保持增长的市场交易额。2009年1~11月份，实现市场成交额35亿元，同比增长15%。市场内的业态模式是以批发为主，辅以出口业务、电子商务、商超供货、团购、促销品订单等形式。批发占98%以上，基本没有零售业务。出口量在3~4亿美金左右。电子商务方面，2008年9月商贸城管委会与中国家纺网合作建立了中国毛巾网，搭建网络交易平台，构建网上商贸城，目前注册企业会员106家，2009年1~10月网上成交额达4亿元。商超供货方面，永亮、三利、瑞春、图强等市场知名名牌企业和全国的中型商场超市建立直接供应关系，还和国际知名连锁超市如沃尔玛、家乐福等建立了广泛的合作，高阳品牌毛巾商超供货交易额每年达12亿元。,https://m.baike.com/wiki/高阳纺织商贸城/5052607
15,"高阳被中国纺织工业协会评为""中国毛巾·毛毯名城""",中国纺织工业协会,2009,,毛巾产业、品牌建设、产业集群,"2009年高阳被中国纺织工业协会评为""中国毛巾·毛毯名城""。高阳毛巾产量占全国产量的30%，毛毯占20%，出口额近3亿美元，成为省级出口基地。全县拥有纺织专业村98个，纺织企业及个体加工户4000余家。这是高阳纺织产业发展的重要里程碑，标志着高阳毛巾产业在全国的领先地位得到官方认可。",http://www.gyfzzs.com/about.html
16,"高阳被评为""河北省纺织产品（高阳）出口基地""",河北省人民政府,2010,,毛巾产业、外贸出口、产业集群,"2010年高阳被河北省评为""河北省纺织产品（高阳）出口基地""。高阳县是国家外贸转型升级专业型示范基地，现有出口企业500多家，出口总量居全国第三。近三年出口年均增长10%以上，产品远销到美国、俄罗斯、日本、罗马尼亚等50多个国家和地区。建设了产品创新、检测环保、交易展示、电子商务、人才培训5大类14个外贸公共服务平台。",http://www.gyfzzs.com/about.html
17,"高阳被评为""河北省纺织产品（高阳）出口基地""（2010年）",河北省人民政府,2010,,毛巾产业、外贸出口、产业集群,"2010年高阳被河北省评为""河北省纺织产品（高阳）出口基地""。高阳县是国家外贸转型升级专业型示范基地，现有出口企业500多家，出口总量居全国第三。近三年出口年均增长10%以上，产品远销到美国、俄罗斯、日本、罗马尼亚等50多个国家和地区，高档毛巾制品逐渐打入欧美市场。目前，在境外设立了200多个营销网点。建设了产品创新、检测环保、交易展示、电子商务、人才培训5大类14个外贸公共服务平台。",http://www.gyfzzs.com/about.html
18,高阳县中水回用工程建设（2011年）,高阳县政府,2011,,环保治理、循环经济,"2011年，高阳县建设中水回用工程，日出2万吨中水，回用于染纱项目。高阳县还建成了循环经济示范区，构建起了纺织印染、污水处理、再生水利用、集中供热、余热发电、渣灰制砖""六位一体""的循环产业链。这是高阳纺织产业绿色发展的重要举措。",http://m.toutiao.com/group/6868433987056960004/
19,卡缦公司向毛巾生产方向转型,上游新闻,2011,,毛巾产业、品牌建设,2011年企业领导层决定向毛巾生产方向转型，2013年成立了卡缦公司，工厂也正式投入生产，目前已经成为高阳毛巾行业中的领军企业。史树雷将电脑知识运用到设计工作当中，相比以往传统的设计制版方法能节省一半时间，也不再需要模仿别人，还能设计出新的样式。,http://m.toutiao.com/group/7417094596989944359/
20,高阳县中水回用工程建设（2011年）,高阳县政府,2011,,环保治理、循环经济,"2011年，高阳县建设中水回用工程，日出2万吨中水，回用于染纱项目。高阳县还建成了循环经济示范区，构建起了纺织印染、污水处理、再生水利用、集中供热、余热发电、渣灰制砖""六位一体""的循环产业链。这是高阳纺织产业绿色发展的重要举措，标志着产业循环经济体系的初步形成。",http://m.toutiao.com/group/6868433987056960004/
21,永亮毛巾成立电子商务部，开启触网历程,燕赵都市报,2011,,毛巾产业、电子商务,"永亮毛巾2011年才成立电子商务部，在高阳企业里不算早。最初7人团队走得就剩俩人，最大的掣肘就是人才。转机发生在2012年，他们因一位河北大学老师的介绍入驻科技园，正式组建永亮文化创意有限公司，将企业的研发、设计和电商业务搬到了保定。2012年8月真正尝到电商的甜头，第一次参加聚划算活动，""3个小时卖了4000多单！""2013年""双11""一天卖了166万元的货。",https://www.ctn1986.com/index.php?c=content&a=show&id=45423
22,高阳县污水处理厂扩容到20万吨（2012年）,高阳县政府,2012,,环保治理、循环经济,2012年，污水处理厂的日处理能力扩容到20万吨，达到全省县级规模最大，配套的123公里管网，覆盖全县所有印染企业；县财政每年拿出8000万元左右，对污水处理费进行补贴。2013年底，高阳工业企业生产废水全部进入污水处理厂集中处理，出水水质稳定达到国家一级A标准。,http://www.gaoyang.gov.cn/info_show.asp?infoid=5490
23,永亮毛巾走出高阳，入驻保定电谷大学科技园,燕赵都市报,2012,,毛巾产业、电子商务、品牌建设,"永亮毛巾2012年因一位河北大学老师的介绍入驻电谷大学科技园，正式组建永亮文化创意有限公司，将企业的研发、设计和电商业务搬到了保定。""走出高阳让我们有机会找到更专业的人才。""真正尝到电商的甜头是在2012年8月，第一次参加聚划算活动，""3个小时卖了4000多单！""目前，""棉小兜""系列基本成熟，近期将推向市场。""整个研发投入到现在已经超过百万元。""",https://www.ctn1986.com/index.php?c=content&a=show&id=45423
24,高阳县被列为首批国家级循环经济示范县创建单位,国家发改委,2013,,循环经济、环保治理、政策支持,"2013年，高阳县被国家发改委列为首批国家级循环经济示范县创建单位。高阳县积极探索循环经济发展新模式、新路径，依托县污水处理厂建设循环经济示范区，形成了集纺织印染、污水处理、热能回收、中水回用、供热供气、余热发电、废渣利用的""七位一体""的循环经济产业体系。",https://gaoyang.gov.cn/info_show.asp?infoid=10503
25,高阳县职教中心电子商务专业开始招生,高阳县政府,2013,,电子商务、纺织行业,2013年以来，高阳县职教中心电子商务专业累计招生2100多人，源源不断为全县纺织电商发展输送人才。高阳县主动作为，以多种方式培养电商专业人才。去年以来，依托邦辰创业辅导基地等载体，全县累计开展电商培训21期，培训1800多人。,https://gaoyang.gov.cn/info_show.asp?infoid=11003
26,卡缦公司成立，工厂正式投入生产,上游新闻,2013,,毛巾产业、品牌建设,2013年卡缦公司成立，工厂也正式投入生产，目前已经成为高阳毛巾行业中的领军企业。随着纺织行业设计制版技术的提升，他所在的设计公司也不再满足于单纯从事设计业务，2011年企业领导层决定向毛巾生产方向转型。,http://m.toutiao.com/group/7417094596989944359/
27,"""棉小兜""婴童毛巾品牌研发投入超过百万元",燕赵都市报,2013,,毛巾产业、品牌建设、电子商务,"""棉小兜""是针对0-3岁婴童细分市场专门打造的全新品牌。历时三年""孕育""而成——从设计研发、产品测试、收集反馈到品牌推广……几乎全部""在线""进行。""棉小兜""的卡通形象，是永亮在河北大学艺术系近百名师生的几轮投稿中反复评比筛选，用了近一年的时间才最终修改完成的。产品研发和品牌包装同步进行。婴童产品对材质和工艺都提出更高的要求，为此，段惠三赴日本参观学习，最终选用了多层万针的特殊织法，并通过瑞士检测机构的质量认证。""整个研发投入到现在已经超过百万元。""",https://www.ctn1986.com/index.php?c=content&a=show&id=45423
28,高阳县被列为首批国家级循环经济示范县创建单位（2013年）,国家发改委,2013,,循环经济、环保治理、政策支持,"2013年，高阳县被国家发改委列为首批国家级循环经济示范县创建单位。高阳县积极探索循环经济发展新模式、新路径，依托县污水处理厂建设循环经济示范区，形成了集纺织印染、污水处理、热能回收、中水回用、供热供气、余热发电、废渣利用的""七位一体""的循环经济产业体系。这一政策为高阳纺织产业的绿色转型提供了强有力的政策支撑。",https://gaoyang.gov.cn/info_show.asp?infoid=10503
29,高阳县纺织产业电子商务发展（2013-2014年）,高阳县政府,2014,,纺织行业、电子商务、产业升级,"2013年以来，高阳县职教中心电子商务专业累计招生2100多人，源源不断为全县纺织电商发展输送人才。三利毛巾2014年着重在电商领域发力，目前其已成为电商家纺类目头部品牌。全县利用网上销售纺织产品的企业达到3000多家，年交易额超过170多亿元，占到全县纺织行业年销售收入的""半壁江山""。",https://www.chinanews.com.cn/cj/2024/09-12/10284615.shtml
30,高阳纺织产业升级与电子商务发展（2013-2014年）,高阳县政府,2014,,纺织行业、电子商务、产业升级,"高阳县不断加大毛巾行业技改力度，鼓励引导纺织企业进行技术改造和设备更新。2013年以来，高阳县职教中心电子商务专业累计招生2100多人，源源不断为全县纺织电商发展输送人才。三利毛巾2014年着重在电商领域发力，目前其已成为电商家纺类目头部品牌。全县利用网上销售纺织产品的企业达到3000多家，年交易额超过170多亿元，占到全县纺织行业年销售收入的""半壁江山""。",https://www.chinanews.com.cn/cj/2024/09-12/10284615.shtml
31,瑞春纺织公司董事长张瑞春任高阳县毛巾行业协会会长,河北省纺织工程学会,2014,,毛巾产业、产业集群,"2014年08月通过充分协调筹备，重新改组了""高阳县毛巾行业协会""，理事会会员一致推举瑞春公司董事长张瑞春任协会会长。面对政府领导的要求，同行企业家的期盼，多次组织县域同行企业赴日本今治地区等毛巾企业参观，学习国内外先进的生产技术及管理经验，组织企业参加中国家纺协会的纺织品展会，为企业拓宽销售途径，产品升级换代打下了坚实的物质基础。",https://www.hbfangzhi.com/xwdt/view-40.html
32,高阳县毛巾紧抓机遇加速崛起,高阳县政府,2015-07-27,,毛巾产业、纺织行业、环保治理、产业集群,"京津冀一体化为产业发展带来了新的机遇，纺织业作为保定市五大支柱产业之一，所辖各市县纷纷发挥自身优势，弥补发展中的不足，力争产业落地。高阳县有着400多年纺织历史，是""中国毛毯之乡""、""中国纺织产业基地县""以及""中国毛巾·毛毯名城""。全县拥有3000余家纺织企业，98个纺织专业村，各类织机超过4万台，从业人员16万人，年销售220多亿元，主导产品毛巾、毛线、毛毯占据全国同类产品近三分之一的市场份额。高阳县以""工业污水零排放、工业废物零污染、工业用水零开发""为目标，以纺织印染、污水处理、供热供气、废渣利用等企业为基点，创建了一种经济与资源环境和谐发展的资源循环利用运行模式。河北省毛巾制品质量监督检验站已通过河北省质监局的批复，成为省级的毛巾检验中心。",http://www.gaoyang.gov.cn/com_show.asp?infoid=109
33,2015年高阳县纺织品年交易额达到320亿元,高阳县政府,2015,,纺织行业、产业集群,2015年高阳县纺织品年交易额达到320亿元。高阳纺织商贸城作为纺织产业转型升级的引领平台起到关键作用。高阳县现有纺织企业4000余家，从业人员约12万人，拥有中国驰名商标三利、永亮、智阳、瑞春四个品牌，形成了以毛巾、毛毯为主，纺、织、印、染、整门类齐全的产业体系。,https://bd.hebnews.cn/2016-01/12/content_5280643.htm
34,高阳县双11线上销售超4000万元（2015年记录）,经济日报,2015-11-11,,电子商务、毛巾产业,高阳纺织双11线上销售超4000万元。随着信息化和品牌化的发展，电子商务成为高阳纺织产业一种全新的营销手段。在高阳县三利集团毛巾电商运营部，20多名员工紧张有序地忙碌着。我们发展线上销售业务已经有五六年了，在淘宝、天猫、京东、苏宁、国美等多家网站开设销售店铺，产品涉及毛巾浴巾、床上用品、婴童系列产品等，销量以每年百分之60的速度递增。据了解，高阳县现有近4000家纺织企业建立了营销网站，百余家外贸出口企业在境外建立销售平台。,http://m.toutiao.com/group/6353018788858200321/
35,"瑞春公司""瑞春""商标被认定为中国驰名商标",国家工商行政管理总局,2015,,毛巾产业、品牌建设,"2015年6月""瑞春""商标被国家工商行政管理总局商标局认定为中国驰名商标。2015年12月荣获保定市政府质量奖、中国纺织工业联合会产品开发贡献奖。2017年6月荣获河北省政府质量奖提名奖，2018年获得河北省专精特新中小企业称号以及最具影响力床上用品品牌称号。2019年通过了河北省企业技术中心和河北省工业设计中心的认定。",https://www.hbfangzhi.com/xwdt/view-40.html
36,三利毛巾电子商务中心建成（2015年）,高阳县政府,2015,,毛巾产业、电子商务,三利毛巾1100平方米的电子商务中心自2015年建成，配备有先进的捡货流水线、升降机等大型设备，通过计算机终端互连互通，30名工作人员日均发件能力达2万余件，极大的节约了人工成本、提升产业效能。三利毛巾自2008年成为京东商城的第一批自营商家，历经十余年的发展，形成了以天猫、京东为主，以社交、社群电商为辅的电商渠道布局。,http://www.gaoyang.gov.cn/info_show.asp?infoid=7955
37,高阳县外贸出口额达到2.65亿美元（2016年）,河北省工信厅,2016,,毛巾产业、外贸出口、电子商务,2016年，高阳县纺织产业进出口企业达265家，外贸出口额达到2.65亿美元。高阳县新上先进织机3500多台（套）、先进无梭织机5000多台（套），淘汰老旧落后织机1.5万余台。利用邦辰众创空间资源优势，该县积极与阿里巴巴、京东等知名电商对接，加快跨境电商发展步伐，扩大外贸出口份额。该县利用网上销售的纺织企业有3800多家，占全县纺织企业的95%左右，网上年交易额170多亿元，占全县纺织业销售收入一半左右。,https://gxt.hebei.gov.cn/hbgyhxxht/xwzx32/dfgz28/2025042121540365598/index.html
38,高阳纺织企业触网求变（2016年8月报道）,经济日报,2016-08-09,,纺织行业、电子商务,"在高阳县纺织商贸城内，卡其曼毛巾销售门店的店主闫欢正忙着打包发货，他的妻子谭微则通过网络与客户快速地交流着。""现在很少有客户上门订货了，基本上都是在网上看样品下订单""。高阳县纺织商贸城管委会主任臧哲辉说：""我们商贸城有450余家商户在阿里巴巴网、淘宝网等网络平台开展电子商务业务。""据不完全统计，该县已有近4000家纺织企业建立了营销网站，百余家外贸出口企业在境外建立了销售平台。高阳县通过政策支持和市场引导，加快建设县、乡、村三级电子商务平台和物流配送体系建设。",http://paper.ce.cn/jjrb/html/2016-08/09/content_308363.htm
39,高阳投资3.45亿打造新纺织商贸城,河北新闻网,2016-01-12,,纺织行业、产业集群、市场建设,高阳县以京津冀协同发展为契机，将投资3.45亿对高阳纺织商贸城进行升级改造。高阳纺织商贸城于2001年5月启动运营，有固定门店1282套和1.2万平方米的棚区，可容纳固定商户1200余家和1468个临时商户。高阳纺织商贸城要对1.2万平方米的棚区进行升级改造，建设商厦楼。项目总占地16980平方米，计划建设两栋四层商业楼，建筑总面积为7.2万平方米，其中地上建筑面积为6.2万平方米，建设总投资3.45亿元。新商厦以经营服装、百货、家电、日用品、精品毛巾为主，同时融合餐饮娱乐、会议办公、研发设计、电子商务等综合服务功能。项目建成后将吸引一千余家商户入驻，成为该县单体规模最大、经营业态全面、产品丰富、配套完善的商业综合体。,https://bd.hebnews.cn/2016-01/12/content_5280643.htm
40,高阳·中国毛巾城项目启动（2016年）,高阳县政府,2016,,毛巾产业、产业集群、品牌建设,2016年起高阳县开始投资建设高阳·中国毛巾城项目。该项目是高阳毛巾名城建设的重要举措，旨在加大产业配套和产业增值服务，建设国际营销平台、电子商务平台、产品展览中心，建立融资服务平台，培育毛巾品牌、培养龙头企业等。高阳毛巾产量占全国市场份额三分之一，年产值超400亿，成为省级出口基地。,http://www.gyfzzs.com/about.html
41,高阳县纺织产业外贸出口增长（2016年）,河北省工信厅,2016,,毛巾产业、外贸出口、电子商务,高阳县是国家外贸转型升级专业型示范基地。近年来，该县依托纺织传统产业优势，大力发展外向型经济，加快推进外贸转型升级，外贸企业不断增加，出口数额持续增长。2016年，该县纺织产业进出口企业达265家，外贸出口额达到2.65亿美元。高阳县新上先进织机3500多台（套）、先进无梭织机5000多台（套），淘汰老旧落后织机1.5万余台。利用邦辰众创空间资源优势，该县积极与阿里巴巴、京东等知名电商对接，加快跨境电商发展步伐，扩大外贸出口份额。该县利用网上销售的纺织企业有3800多家，占全县纺织企业的95%左右，网上年交易额170多亿元，占全县纺织业销售收入一半左右。,https://gxt.hebei.gov.cn/hbgyhxxht/xwzx32/dfgz28/2025042121540365598/index.html
42,"卡缦公司""魔术枕巾""获得专利（2016年）",上游新闻,2016,,毛巾产业、品牌建设,"基于此，卡缦公司设计总监史树雷设计出了背后装有按扣，能够适应不同尺寸枕芯的""魔术枕巾""，不仅不易滑落，而且拆洗方便，能够代替传统枕巾，更加方便人们日常生活。2016年，该产品获得专利，推向市场后好评不断，目前已经在全国范围内服务超2000万个家庭。",https://www.thxww.com.cn/shengnei/18418.html
43,永亮纺织品有限公司数字化车间建设（2016年）,高阳县政府,2016,,纺织行业、数字化转型,早在2016年，永亮纺织品有限公司便投入资金300万元对全新生产车间投入建设，建成后的自动节拍生产流水线可实现从接单、下达生产计划、采购管理、生产管理全链条的一体化、智能化生产模式。2017年建成投产4条标准化自动生产流水线，实现从接单、生产、入库的生产管理全链条智能化、数字化生产模式。车间生产产能由原有的1800万提升到3600万，产品销售额同比增长20%。,http://www.gaoyang.gov.cn/info_show.asp?infoid=7955
44,高阳纺织产业外贸出口额完成1.07亿美元（2017年1-5月）,河北日报,2017-06-13,,毛巾产业、外贸出口、品牌建设,今年1至5月份，高阳县纺织产业外贸出口额完成1.07亿美元，同比增长14%。2017年高阳县纺织业实现产值约350亿元，对GDP贡献率达65%以上。高阳县依托纺织传统产业优势，大力发展外向型经济。抓技改，重创新，育品牌，推动产业转型升级。目前，该县拥有三利、永亮、智阳、瑞春4个中国驰名商标，省级以上著名商标、名优产品58个，自主研发品牌2464个，实现了以贴牌出口为主向扩大自主品牌出口的转变。,https://gxt.hebei.gov.cn/hbgyhxxht/xwzx32/dfgz28/2025042121540365598/index.html
45,高阳纺织产业向自主品牌出口转身（2017年1-5月）,河北日报,2017-06-13,,毛巾产业、外贸出口、品牌建设、纺织行业,近日，笔者从高阳县政府获悉，今年1至5月份，该县纺织产业外贸出口额完成1.07亿美元，同比增长14%。2017年高阳县纺织业实现产值约350亿元，对GDP贡献率达65%以上。高阳县依托纺织传统产业优势，大力发展外向型经济。抓技改，重创新，育品牌，推动产业转型升级。高阳强力支持企业加快技术改造和设备更新，近年来，该县新上先进织机3500多台（套）、先进无梭织机5000多台（套），淘汰老旧落后织机1.5万余台。鼓励引导县内规模纺织企业自己建立研发设计机构，同时引进专业人才，成立了河北鼎智纺织技术科技有限公司，为纺织企业研发设计提供技术支持。目前，该公司服务企业已经有50余家。鼓励企业争创名牌名品，实施品牌战略。目前，该县拥有三利、永亮、智阳、瑞春4个中国驰名商标，省级以上著名商标、名优产品58个，自主研发品牌2464个，实现了以贴牌出口为主向扩大自主品牌出口的转变。,https://gxt.hebei.gov.cn/hbgyhxxht/xwzx32/dfgz28/2025042121540365598/index.html
46,永亮公司草木染产品申报国家专利并量产（2017年）,高阳县政府,2017,,毛巾产业、品牌建设,"2017年10月，永亮公司把草木染工艺申报国家专利，并正式量产。2006年，经永亮公司挖掘、整理和推动，高阳民间染织技艺被列入省级非遗名录。公司投入大量人力、财力，经过4年多研究，开发出了红、黄等八种植物色素，研发出专用设备，并成立创意工作室，开发出特色礼品毛巾及抱毯、睡袋、蝴蝶服等婴童产品。""头一年小批量生产，探探市场反应。没想到价格比同类产品高30%，在商超市场的销售仍供不应求。""",http://www.gaoyang.gov.cn/info_show.asp?infoid=5711
47,"高阳毛巾""变形记""（一）：集聚效应 让纺织产业""活""起来",高阳县政府,2018-12-06,,毛巾产业、环保治理、产业集群、循环经济,"位于冀中平原腹地的高阳县，有400多年的纺织历史，形成了集纺纱、织造、印染、销售于一体的完整产业链条，全县从业人员超过14万人，纺织业每年对县财政贡献率高达六七成，是当地最重要的支柱产业。然而，产业链中印染环节所带来的水污染和燃煤污染，却成为当地不能承受之重。为了根治污染，重现碧水蓝天，2006年，高阳县投资1.78亿元建成日处理能力6万吨的污水处理厂，并同步建设24.5公里的配套管网，引导企业将印染废水集中到污水处理厂统一处理。2012年，污水处理厂的日处理能力扩容到20万吨，达到全省县级规模最大，配套的123公里管网，覆盖全县所有印染企业；县财政每年拿出8000万元左右，对污水处理费进行补贴；并同步出台""史上最严""的环保倒逼政策。2013年底，高阳工业企业生产废水全部进入污水处理厂集中处理，出水水质稳定达到国家一级A标准。高阳通过建设8.79平方公里的循环经济示范区，依托集中供热等项目，完善气、水、交通等基础设施，引导企业进园区聚集整合。示范区内已经有34家纺织印染企业入驻。",http://www.gaoyang.gov.cn/info_show.asp?infoid=5490
48,"高阳毛巾""变形记""——高阳县建设循环经济示范区提升传统纺织产业的调查",高阳县政府,2018-11-20,,毛巾产业、环保治理、循环经济、产业集群,全国每生产三条毛巾，就有一条产自高阳。这个全国闻名的纺织之乡，发展纺织业已有400余年历史，形成了集纺纱、织造、印染、后整理、销售于一体的完整产业链条，全县从业人员14万余人，纺织业每年对县财政贡献率高达六七成，可谓高阳人的饭碗和钱袋子。然而，纺织产业链中的印染环节会污染水和空气，随着环保约束日益收紧，再不改变，等待高阳纺织印染企业的将是关停的命运。为实现可持续发展，近年来，高阳县紧紧依托国家发改委确定的创建国家循环经济示范县这一优势，大力推进循环经济示范区建设，为高阳纺织产业开辟出一条发展循环经济的新路。环保水平升级——印染污水变成再生水，纺织印染环节产生的废污被吃干榨净。企业绝处逢生——曾经差点迈不过环保坎儿的纺织印染企业集中搬迁升级，更优更强。依靠品质取胜——跳出低价竞争、产品同质的怪圈，创新设计推动纺织业迈向中高端。,http://www.gaoyang.gov.cn/info_show.asp?infoid=5495
49,高阳县2018年政府工作报告,高阳县人民政府,2018-01-31,,纺织行业、环保治理、产业升级、电子商务,"政 府 工 作 报 告
2018年1月31日在高阳县第十七届人民代表大会第二次会议上
高阳县人民政府县长 闫向阳

全年生产总值完成119.7亿元，增长8%；全部财政收入完成11.07亿元，增长7.3%；一般公共预算收入突破7亿元，增长10%；新增规模以上工业企业30家，规模以上工业增加值增长9.2%。

（一）产业转型升级步伐坚定有力。依靠先进技术和设备更新，加快提升产品质量、促进产品转型步伐。工业技改投资完成45.7亿元，同比增长40.2%；全县先进无梭织机达到7200余台，新增2000多台；中高端纺织产品占比达到80%，高阳毛巾在全国同行业中的影响力和话语权不断提升。引进江苏琼派瑞特公司新上后整理自动化先进设备，引领带动县内毛巾生产企业后整理环节向自动化、标准化迈进。支持企业参加中国家纺展、中国针棉织品交易会、广交会和法兰克福展会等国内外展销活动。邦辰众创空间入驻电商企业60余家，三利毛巾线上销售额突破1亿元，上海今迈网上销售额在5000万元以上，龙化乡北龙化村和小王果庄乡李果庄村入围2017年中国淘宝村。

（二）生态环境治理与保护取得积极成效。投资7.2亿元由江苏中圣集团建设的集中供热项目一期2×220吨锅炉投入运行，42家印染企业实现工业用汽，79家用煤大户的118台工业燃煤锅炉全部拆除。",https://gaoyang.gov.cn/info_show.asp?infoid=5665
50,"高阳毛巾""变形记""（三）：创新驱动 让传统产业""新""起来",高阳县政府,2018-12-12,,毛巾产业、品牌建设、数字化转型、纺织行业,"作为传统纺织大县，高阳企业代工生产的国外高端品牌毛巾在国际市场上能卖到1700元一条，而与此同时，由于产品同质化、质量参差不齐，高阳本地品牌的毛巾却卖不上价，高阳一度还被贴上""代工基地""和""低端品牌""的标签。应对高要求，高阳打出精准发力""组合拳""：县财政每年拿出1000万的专项资金，支持纺织企业技术改造和设备更新；引入中国纺织建设规划院、天津工业大学等科研院所，为产业转型注入""源头活水""；并同步出台一系列促进纺织业转型升级的政策方案。高阳县工信局局长董艳杰：我们制订了《关于促进工业设计产业发展的若干政策措施》，我们连续5年，县财政每年拿出200万元，用于支持工业设计的发展。现在，全县利用网上销售纺织产品的企业达到3000多家，年交易额超过170多亿元。高阳县委书记高文才：我们想把纺织产业打造成产值过500亿元的产业集群。",https://gaoyang.gov.cn/info_show.asp?infoid=5509
51,高阳县2019年政府工作报告,高阳县人民政府,2019-01-18,,纺织行业、产业升级、环保治理、数字经济,"政 府 工 作 报 告
2019年1月17日在高阳县第十七届人民代表大会第三次会议上
高阳县人民政府县长 闫向阳

初步预计，全县地区生产总值增长9%；规模以上工业增加值增长10%；固定资产投资增长8.2%；社会消费品零售总额增长12%；全部财政收入完成11.5亿元，一般公共预算收入完成6.6亿元，城乡居民人均可支配收入分别达到2.78万元和1.84万元。

一年来，我们坚持以供给侧结构性改革为主线，抓技改，建园区，上项目，产业转型升级步伐不断加快。①强力支持企业加快技术改造和设备更新，依靠先进技术和设备更新提升产品质量、促进产品转型。全县剑杆织机增至9000余台（套），去年新增1000多台（套），无梭化率达到45%；京阳公司等24家企业被认定为河北省规模以上工业企业研发机构，78件设计产品获国家专利授权；10家企业被认定为高新技术企业，新培育科技型中小企业120家，被中国纺织品商业协会授予""中国领航创新产业集群""荣誉称号。②加快推进循环经济示范区建设，搭建产业转型升级平台。③全力抓好重点项目建设，带动产业转型发展上档升级。11个省市重点项目中战略性新兴产业项目有6个，占比达54.5%。",https://gaoyang.gov.cn/info_show.asp?infoid=5666
52,高阳县纺织产业集群被认定为河北省中小企业示范产业集群（2019年）,河北省工业和信息化厅,2019,,纺织行业、产业集群、政策支持,2019年河北省高阳县纺织产业集群被河北省工业和信息化厅认定为河北省中小企业示范产业集群。高阳县纺织产业集群在河北省107个重点特色产业集群中综合排名第19位，高阳纺织被列入全市数字化赋能传统产业发展试点。这是高阳纺织产业发展的重要里程碑，标志着产业集群发展得到了省级政府的认可和支持。,http://www.gyfzzs.com/about.html
53,高阳毛巾：中国份额三分天下有其一（2019年7月）,河北资本,2019-07-16,,毛巾产业、产业集群、外贸出口,"高阳毛巾：中国份额三分天下有其一——河北县域特色产业集群样本之二。始于明末的高阳纺织业，长期以来代表着中国纺织业发展水平。近二三十年，在纺纱、织布等主产品的主导地位让位于大城市纺织产业后，高阳另辟蹊径，主打毛巾、毛毯等细分行业，使毛巾产量占全国产量的30%，毛毯占20%，出口额近3亿美元，成为省级出口基地。2017年高阳县纺织业实现产值约350亿元，对GDP贡献率达65%以上。企业积极开展技改和技术创新活动，2018年全县剑杆织机增至9000余台（套），新增1000多台（套），无梭化率达到45%；京阳公司等24家企业被认定为河北省规模以上工业企业研发机构，78件设计产品获国家专利授权；10家企业被认定为高新技术企业，新培育科技型中小企业120家，被中国纺织品商业协会授予""中国领航创新产业集群""荣誉称号。",https://www.sohu.com/a/327253777_777747
54,【战疫情 促振兴 河北省县域特色产业在行动】复工复产全速铺开！河北高阳县纺织提速运转,河北省工业和信息化厅,2020-03-20,,纺织行业、产业集群,"河北高阳县是著名的纺织之乡，高阳纺织产业占全县经济70%以上。为做好疫情防控工作，有序推动企业复工复产，该县按照""外防输入内防扩散""的总体要求，县直各部门与企业通力配合，打出疫情防控与复工复产联动""组合拳""，努力实现高阳县疫情防控、复工复产双胜利。截至3月18日，高阳县复工复产企业4182家，其中，103家规上企业实现了全部开工，工业企业复工复产3363家，全县企业共返岗55300人。高阳县是中国最大毛巾生产地，全年毛巾产量50亿条，占据全国三分之一的市场份额。该县拥有纺织专业村98个，拥有纺织企业及个体加工户4000余家。高阳纺织产业主要包括巾被、棉纺、毛纺、毛毯、服装、坐垫和印染7个纺织子行业。",https://gxt.hebei.gov.cn/hbgyhxxht/ztzl11/kjyqgxtzxd/2025042121592090684/index.html
55,【战疫情 促振兴】高阳县纺织企业复工复产全速铺开,河北省工业和信息化厅,2020-03-20,,纺织行业、产业集群,"河北高阳县是著名的纺织之乡，高阳纺织产业占全县经济70%以上。为做好疫情防控工作，有序推动企业复工复产，该县按照""外防输入内防扩散""的总体要求，县直各部门与企业通力配合，打出疫情防控与复工复产联动""组合拳""。截至3月18日，高阳县复工复产企业4182家，其中，103家规上企业实现了全部开工，工业企业复工复产3363家，全县企业共返岗55300人。高阳县是中国最大毛巾生产地，全年毛巾产量50亿条，占据全国三分之一的市场份额。",https://gxt.hebei.gov.cn/hbgyhxxht/ztzl11/kjyqgxtzxd/2025042121592090684/index.html
56,"""纺织之乡""高阳：以创新推动高质量发展",高阳县政府,2020-09-04,,纺织行业、数字化转型、电子商务、环保治理,"作为全国最大的纺织品批发地，在素有""纺织之乡""美称的高阳县，纺织业400多年传承不衰，目前，县内纺织企业达4000余家，年产毛巾50万吨，占全国总产量的30%。近年来，高阳县通过加快绿色转型、注重创新驱动、引进优秀人才和高端产业、突出品牌建设、加快园区项目建设、大力推行""互联网+""等方式，不断推动纺织产业高质量发展。高阳县污水处理厂目前日处理污水能力达到26万吨，100多公里的管网配套使县城和乡镇、重点污染企业连在一起，彻底解决了高阳县各乡镇和印染企业的污染问题。",http://www.gaoyang.gov.cn/info_show.asp?infoid=7955
57,中共高阳县委关于巡视整改进展情况的通报,高阳县政府,2021-11-15,,纺织行业、政策支持、产业集群,"根据省委巡视工作统一部署，省委第七巡视组于2020年10月27日至12月25日，对高阳县开展了常规巡视。2021年3月11日，省委巡视组向高阳县委反馈了巡视意见。

关于""贯彻落实党的理论路线方针政策、党中央决策部署和省委工作要求""问题的整改情况：

二是加快纺织产业转型步伐。制发《高阳县支持民营经济健康发展的十二条措施》，支持企业技改升级、提质发展。目前，全县1895台落后纺织设备已全部淘汰，圣祥染厂、虹天染厂等9个重点技改项目列入省""千项技改""项目库。

三是加快培育科技创新型企业。大力实施高新技术企业后备培育工程，2020年底纺织类高新技术企业达到13家，省级科技型中小企业达到450家。

四是加快提升园区承载能力。投资6.87亿元的园区基础设施及配套建设项目扎实推进，园区综合服务能力显著提升。

五是加快推进印染企业搬迁入园。按照""五联、六共、七智、八化""的发展思路，推进印染企业入园整合，加快构建绿色、低碳、循环发展的现代纺织产业体系。",http://www.gaoyang.gov.cn/info_show.asp?infoid=8879
58,2021年高阳成绩单,高阳县政府,2021,,纺织行业、产业集群,"2021年高阳县经济发展成绩单：纺织产业持续发展，循环经济示范区建设稳步推进，数字化转型加速推进。全县1895台落后纺织设备已全部淘汰，圣祥染厂、虹天染厂等9个重点技改项目列入省""千项技改""项目库。纺织类高新技术企业达到13家，省级科技型中小企业达到450家。",http://www.gaoyang.gov.cn/info_show.asp?infoid=9117
59,高阳县国民经济和社会发展第十四个五年规划和二〇三五年远景目标纲要（2021年）,高阳县人民政府,2021-02,,纺织行业、产业集群、政策支持、数字经济,"高阳县国民经济和社会发展第十四个五年规划和二〇三五年远景目标纲要（2021年2月5日高阳县第十七届人民代表大会第五次会议批准）

第四章 贯彻新发展理念，构建现代产业新体系
第一节 做大做强特色产业集群
一、做强毛巾毛毯纺织产业集群
二、做优汽车农机装备制造产业集群
三、做大电器电料电力设备制造产业集群

第五章 坚持创新驱动，增强高质量发展新动能
第一节 提升企业创新能力
一、强化企业创新主体地位
二、推动企业协同创新发展
三、加强科技创新成果转化

第二节 激发人才创新活力
一、聚集优秀高端人才
二、加大人才培养力度
三、优化人才发展环境

第三节 优化全县创新动力
一、加快创新机制改革
二、完善科技创新服务
三、落实优惠扶持政策",https://gaoyang.gov.cn/gk/atm/7/2023041709392644.pdf
60,卡缦公司研发出双层褶皱中空纱并获得专利,上游新闻,2022,,毛巾产业、品牌建设,在试验了多种织物组织后，2022年研发出双层褶皱中空纱并获得专利。卡缦公司设计总监史树雷基于毛巾织机特点研发的一款新产品，与普通床品织机相比，毛巾织机可纺织特殊的织物组织。这款装饰布不仅设计了蕾丝花型，且可织出仿蕾丝花边的立体效果。,https://www.thxww.com.cn/shengnei/18418.html
61,截至2022年高阳县GDP完成122.1亿元,百度百科,2022,,纺织行业、产业集群,截至2022年，全县地区生产总值完成1221091万元，同比增长4.2%。其中，第一产业增加值完成78171万元，同比增长5.9%；第二产业增加值完成595780万元，同比增长3.9%；第三产业增加值完成547140万元，同比增长4.2%。高阳纺织产业集群入选2023年度全国中小企业特色产业集群名单，2022年底产值达530亿元。,https://m.baike.com/wiki/高阳县/933244
62,2022年高阳这样干,高阳县政府,2022,,纺织行业、产业升级、环保治理,"2022年高阳县发展规划：加快纺织产业转型升级，推进循环经济示范区建设，推动数字化转型。围绕""五联、六共、七智、八化""的发展思路，推进印染企业入园整合，加快构建绿色、低碳、循环发展的现代纺织产业体系。",http://www.gaoyang.gov.cn/info_show.asp?infoid=9118
63,高阳纺织产业数字化服务平台上线运营（2023年7月）,高阳县政府,2023-07,,纺织行业、数字化转型、产业集群,"高阳纺织产业数字化服务平台于2023年7月上线运营，集聚了高阳县及周边纺织全产业链资源，可提供线上线下融合的一站式服务，推动高阳纺织产业数字化转型。该平台为原材料采购、成品库存、生产订单等数据提供实时更新的数字化管理，是""数字高阳""建设的重要组成部分。同年，高阳数字云展馆也集中上线运营，有效整合专家、法律支持、融资产品，为企业提供全方位服务。",https://www.cntac.org.cn/zixun/hangye/202408/t20240827_4355864.html
64,高阳县2023年纺织产业集群产值达579亿元,经济日报,2023,,纺织行业、产业集群,"2023年高阳县纺织产业集群年产值达到579亿元，占全县工业总产值的75%左右。高阳县是著名的""纺织之乡""，400多年传承不衰，是全国最大的毛巾生产基地。经过多年发展，高阳纺织产业已经构建起""链条全、规模大、品类多、效益优""的毛巾纺织产业集群，形成集""纺纱、织造、印染、后整、销售""于一体的完整产业链条。",https://m.chinanews.com/wap/detail/chs/zw/10118060.shtml
65,"河北高阳：培育高价值发明专利 打造纺织产业高质量发展新""引擎""",央广网,2023-11-06,,毛巾产业、品牌建设、创新研发、专利,"近日，在中国家用纺织品行业协会举办的2023首届中国家纺科技创新大会上，河北省高阳县河北瑞春纺织品公司自主研发的《一种变化网格底组织提花毛巾及生产方法》发明专利，凭借其突出的创新性和实用性荣获优秀奖，这也是此次大会上河北省纺织产业发明专利类唯一获奖项目。据该公司经理张瑞春介绍，该专利技术从织物组织方面创新，通过改变传统毛巾三纬组织工艺让毛巾花型呈现二维的立体效果，再配上精梳特纺的超柔纱做毛圈，产品不但美观而且超柔实用，深受消费者的欢迎，目前应用该专利技术的毛巾产品为该企业新增销售收入达1800多万元。该县一直注重纺织产业研发工作，不断推动技术革新和产品创新，积极开发具有自主知识产权的新型毛巾产品和研发新型毛巾生产工艺，""御题棉花图""织锦、带有""身份证""的有机棉毛巾、会""唱""曲的毛巾等一批个性化定制、具有自主知识产权的创意产品纷纷面市。该县还通过不断推进""知识产权信息进企业促创新""活动，优化落实专利资助政策，结合知识产权强企提升、知识产权产业引领、专利转化等专项行动，精准指导和服务对接企业，开展知识产权管理体系贯标培育，加大高价值专利培育力度。为催生出更多的高价值发明专利，激发企业创新活力，该县不断健全纺织产业专利培育机制，通过与东华大学、天津工业大学、河北科技大学等大专院校紧密合作，引导企业建立产学研协同创新，开展订单式研发和投放式创新，形成一批引领产业高质量发展的高价值专利组合。该县已建立企业研发机构33家，纺织企业自主创建各级技术中心17个，企业研发投入从最初的不足2%提升到现在的10%，远超国内同行业水平。目前，该县拥有纺织类中国驰名商标4个，河北省著名商标17个，河北省名牌和优质产品14个，自主产品标识11000个，品牌拥有量在河北省县级中名列前茅。",http://m.toutiao.com/group/7298311437389529663/
66,2023年高阳县快递业务量25483.91万件，同比增长51.12%,中国新闻网,2023,,电子商务、毛巾产业,"2023年高阳县快递业务量25483.91万件，同比增长51.12%，业务量排名全市第一，全省第二。目前各大电商平台上，高阳参与""直播""的企业在2000家以上，纺织业年网上交易额达50亿元。三利毛巾2008年成为某电商平台第一批自营商家，2014年着重在电商领域发力后，目前其已成为电商家纺类目头部品牌。",https://www.chinanews.com.cn/cj/2024/09-12/10284615.shtml
67,"河北高阳获评""中国家纺（毛巾）研发基地""",中国新闻网,2023-07-13,,毛巾产业、品牌建设、创新研发,"7月12日上午，中国家用纺织品行业协会年会在""中国纺织之乡""河北省高阳县召开。活动期间，高阳县被中国家用纺织品行业协会评为""中国家纺（毛巾）研发基地""。近年来，高阳县通过研发拓展毛巾品类，从传统的棉纺织到现代的高附加值纤维制造和绿色纺织技术研发，不断提升产品质量和技术水平，开发出超细纤维产品（干发巾、珊瑚绒等）、无纺布一次性棉柔巾、压缩毛巾、文创毛巾（昆曲、脸谱、墨染江南、草木染等创意毛巾）等产品，推动纺织企业实现高质量发展。高阳县积极推动技术革新和产品创新，深入开发具有自主知识产权的新型毛巾产品。此次获授""中国家纺（毛巾）研发基地""，对于加强高阳县纺织产品的创新能力、推动纺织产业的技术升级和转型发展，将起到极大推动作用。目前，该县已建立企业研发机构33家，引进国内外先进无梭织机9000余台套，建成省级数字化车间4个、省级""专精特新""企业16家。全县年产毛巾50亿条、毛毯4.5万吨，毛巾、毛毯产销量占全国市场份额的三分之一。",http://m.chinanews.com/wap/detail/cht/zw/ft272367.shtml
68,"小城纺织有""智慧""——河北高阳毛巾纺织产业集群建设调查",经济日报,2023-11-26,,纺织行业、数字化转型、产业集群、环保治理,"有着400余年纺织史的高阳，继获得""中国纺织之乡""""中国毛巾·毛毯名城""""中国家纺(毛巾)研发基地""等名片后，其毛巾纺织产业集群入选2023年度全国中小企业特色产业集群名单，2022年底产值达530亿元。高阳县上线了毛巾纺织集群数字化工业互联网平台，通过数字链接全产业链，实现集群产供销一体化协同协作，目前共上线企业300多家，深度合作企业200多家，链接企业产能设备1.5万台、成品库存41.91亿件；推进企业数字化车间改造，建成4个省级数字化车间，引入企业数字化业务信息系统，生产效率提升20%，运营成本降低15%。高阳县建成了纺织印染、污水处理、热能回收、再生水利用、集中供热、余热发电、渣灰制砖""七位一体""的循环经济产业链，今年将42家印染企业迁入循环经济园区。",https://m.chinanews.com/wap/detail/chs/zw/10118060.shtml
69,高阳县毛巾纺织入选全国中小企业特色产业集群,工业和信息化部,2023-11-26,,毛巾产业、产业集群、品牌建设,"10月10日，《2023年度中小企业特色产业集群名单》公示期满，全国共有100个产业集群入选，高阳县毛巾纺织产业集群名列其中。高阳县是著名的""纺织之乡""，400多年传承不衰，是全国最大的毛巾生产基地。经过多年发展，高阳纺织产业已经构建起""链条全、规模大、品类多、效益优""的毛巾纺织产业集群，形成集""纺纱、织造、印染、后整、销售""于一体的完整产业链条，拥有从纺织原材料、织机、配件供应到设计研发、质量检测、物流配送等齐全的配套体系，产业链配套率达89%。目前，集群拥有纺织企业上千家，其中产值过亿元的企业20家，规上企业122家，纺织专业村158个，各类纺织机械3万余台（套）。截至2022年底，集群产值达到530亿元，成功打造了""高阳毛巾""区域品牌，品牌价值为519.80亿元，品牌强度为805.6。集群拥有纺织类中国驰名商标4个，河北省著名商标17个，河北省名牌和优质产品14个，自主产品标识11000个。",https://gaoyang.gov.cn/info_show.asp?infoid=10382
70,河北民营企业出海记｜一条毛巾，圈粉40多个国家和地区,河北省政府,2024-12-14,,毛巾产业、外贸出口、跨境电商,"日前，一个发自中国青岛港的集装箱顺利抵达南非开普敦港，其中装载的各类毛巾将丰富当地市场。万里之遥的中国，在河北省保定市高阳县东飞纺织品有限公司，32岁的经理李希桐郑重地在世界地图的南非位置做了标注，公司的海外市场又添新伙伴。地图上，像这样的标注已有40多个，每一个都代表着东飞产品到达的国家或地区。""立足国内，走向世界""，这是东飞公司30多年前成立时就确定的发展方向。当时的高阳，民营纺织企业异军突起，李希桐的父母敏锐地抓住机遇，由经销毛巾转向自己办厂生产，并努力缩小当地产品与国际先进产品的差距。设计上，从欧式风格床品中获取灵感，为毛巾增加大花边等辅料；设备上，高薪聘请技术人员将普通国产织机改造为提花机，生产出更具特色的提花或缎档巾类产品。几年前，当李希桐、李嘉成姐弟陆续大学毕业并接手公司时，面对的已是一个全新局面：意大利进口织机和法国提花机助力生产；不仅200多款花形各异的巾类产品畅销国内，公司也凭借自主进出口权在海外市场站稳了脚跟。2023年春季，疫情后首届线下广交会如期举行。来自东南亚、非洲、欧洲等地的老客户纷纷回归，海外市场的需求变了：除了传统的带辅料类产品外，素色尤其是亮橙色、亮黄色、深蓝色、深红色等高饱和度颜色产品，正逐渐成为新宠。东飞公司积极寻求与本地染厂龙头企业合作，经过多次试验与打样，终于攻克了技术难题。跨境电商的发展为东飞公司带来了线上出海的机遇。他们在天猫国际、亚马逊等知名外贸电商平台开设直播间，引来""世界流量""。李希桐说，今年公司的外贸销售情况不错，销售额突破5000万元大关，比去年翻了一番。",https://www.hebei.gov.cn/columns/580d0301-2e0b-4152-9dd1-7d7f4e0f4980/202412/14/f4fb9547-1823-4fff-9e14-4e6206e28e0d.html
71,"保定高阳：小毛巾""织""出大产业",高阳县政府,2024-12-03,,毛巾产业、数字化转型、环保治理、品牌建设,"高阳县贯彻落实党的二十届三中全会精神，加快用数智技术、绿色技术改造提升纺织产业。在高阳县巾巾乐道产业育城中心的高阳纺织产业数字化服务平台上，原材料采购、成品库存、生产订单等数据实时更新。该平台于2023年7月上线，集聚了高阳县及周边纺织全产业链资源。高阳县充分发挥柏立信、图强、圣翔、宏润4个省级数字化车间示范引领作用。数据显示，通过数字化改造后，企业生产效率提升20%，运营成本降低15%，产品升级周期缩短12%。三利集团与东华大学合作建设创新研发中心；瑞春纺织公司与天津工业大学建立产学研合作基地。高阳县引导纺织企业与北方昆曲剧院、河北大学、天津工业大学等合作，提升工业设计水平。近年来，高阳县陆续培育""专精特新""中小企业14家、企业研发机构23个。",https://gaoyang.gov.cn/info_show.asp?infoid=11003
72,"经济强省 美丽河北·一线观察丨保定高阳：小毛巾""织""出大产业",高阳县政府,2024-12-12,,毛巾产业、数字化转型、环保治理、产业集群、电子商务,"高阳县贯彻落实党的二十届三中全会精神，加快用数智技术、绿色技术改造提升纺织产业，形成织造、印染、后整、销售于一体的产业链条，打造高水平纺织产业集群。高阳纺织产业数字化服务平台于2023年7月上线，集聚了高阳县及周边纺织全产业链资源。高阳县充分发挥柏立信、图强、圣翔、宏润4个省级数字化车间示范引领作用，带动纺织产业集群转型提升。纺织企业通过引入ERP、MES等系统，打通设备、系统、人员间的信息壁垒。数据显示，通过数字化改造后，企业生产效率提升20%，运营成本降低15%，产品升级周期缩短12%。三利集团与东华大学合作建设创新研发中心，成功研发活性色纱氧漂技术、棉纤维低温活性水漂白技术；瑞春纺织公司与天津工业大学建立产学研合作基地。近年来，高阳县陆续培育""专精特新""中小企业14家、企业研发机构23个。截至目前，高阳县纺织企业拥有发明专利83项、外观专利372项、商标14267个。",https://gaoyang.gov.cn/info_show.asp?infoid=11022
73,"保定市：小城大产业向""智""而行",保定晚报,2024-08-12,,纺织行业、数字化转型、产业集群,"在中国纺织之乡高阳县，这座县域面积441平方公里、常住人口32万余人的北方小城，拥有纺织生产企业4000余家，从业人员12万余人。该县数字化转型让传统纺织产业脱胎换骨，2023年实现营业收入579亿元。全国每生产3条毛巾，就有1条出自高阳县，纺织成为高阳县富民增收的重要产业。目前该县具备出口资质的企业达427家，产品出口到全球150多个国家和地区。高阳县先后被评为中国纺织之乡、中国毛毯之乡、中国纺织基地县、中国毛巾·毛毯名城、国家外贸转型升级示范基地县、中国家纺巾被流通示范基地和中国领航创新产业集群。搭乘数字化列车，高阳县着力打造柏立信、图强、圣翔、宏润4个""省级数字化车间""。发挥示范引领作用，带动产业集群整体转型提升，同时建立毛巾产业数字化服务平台，打造纺织""产业大脑""。目前，全县60%的纺织企业进行数字化改造，生产效率提高了15%，年产毛巾达50亿条，平均每秒生产毛巾158条。柏立信智能化气息扑面而来，大型织造车间内，数十台进口织机在电脑的控制下精准运转；后整车间里，全自动横、纵缝机快速锁缝毛巾，不见工人劳作的身影。与之前比产量和质量实现了双提升，比如安装横缝机后，以前需要30名工人，现在3名就可以了。",https://gxt.hebei.gov.cn/sme/sc/qyjj/2025042122063533771/index.html
74,高阳纺织企业自主创建各类技术中心10余个,高阳县工信局,2024,,纺织行业、品牌建设,"目前高阳纺织企业自主创建各类技术中心10余个，省级工业设计中心1个，企业研发投入从最初的不足2%提升到现在的10%。从花型到材料，创意设计让高阳毛巾演绎出百变花样。""过去比产量，靠辛苦赚钱；现在拼品质，靠设计出彩。""高阳县科学技术和工业信息化局副局长任帅介绍。每个月仅注册版权保护的原创设计就有300多个。",http://m.toutiao.com/group/756066509795847875/
75,河北唯一！高阳县成为国家循环经济示范县,高阳县政府,2024-02-06,,循环经济、环保治理、产业集群,"日前，国家发改委办公厅通报循环经济领域部分试点示范验收成果，河北高阳县循环经济示范县建设顺利通过国家发展改革委验收，成为河北省唯一一个国家循环经济示范县。高阳县积极探索循环经济发展新模式、新路径，于2013年被列为首批国家级循环经济示范县创建单位。目前，污水处理厂日处理污水能力26万吨，出水稳定达标排放，入淀河流水质达到地表水Ⅲ类水标准。通过建设再生水利用工程，污水处理后用于印染项目，形成了纺织产业新鲜水零消耗及废水零排放""双零""模式。高阳县规模以上工业企业全部实施清洁生产，25蒸吨以下燃煤锅炉全部淘汰。引导产业转型升级：从2013年到2023年，高阳县高新技术企业由3家增长到61家，河北省科技型中小企业由40家增长到720家，省级科技创新平台从3个增长到13个。",https://gaoyang.gov.cn/info_show.asp?infoid=10503
76,高阳县2023年地区生产总值增长报告,高阳县政府,2024-01-23,,纺织行业、产业集群、环保治理,"2023年，面对严峻复杂的外部形势和繁重艰巨的发展任务，面对空前强降雨导致的特大汛情，高阳县坚持以习近平新时代中国特色社会主义思想为指导，积蓄势能，转型突破，经济社会发展各项事业取得新进展新成效，""雄安卫星城、美丽新高阳""建设迈出坚实步伐。聚焦创新发展，强链条、调结构，产业实力实现新跃升。聚焦协调发展，强统筹、夯基础，城乡品质实现新跃升。聚焦绿色发展，强治理、促循环，环境质量实现新跃升。",https://gaoyang.gov.cn/info_show.asp?infoid=10477
77,"""高阳优品""""纺""遍全国",中国邮政快递报,2024-12-04,,毛巾产业、品牌建设、电子商务,"河北省保定市高阳县县域经济发达，特色明显，素有""纺织之乡""的美誉，年产毛巾50亿条、毛毯4.5万吨，约占全国毛巾、毛毯总产量的1/3。近年来，高阳县纺织产业求新求变，打造""高阳优品""集体品牌，孵化电商企业200多家、电商店铺5000余个，3000余家毛巾厂商开展直播带货业务。2023年，高阳县启动""高阳优品""集体品牌建设，推动纺织产业向品牌化、高端化、数字化转型，加快打造世界""纺""客目的地。当年，该县纺织产业集群年产值达到579亿元，占全县工业总产值的75%左右。高阳县先后出台《高阳县电子商务发展三年行动方案》和《高阳县跨境电子商务发展行动计划》，依托邦辰创业辅导基地、一桶金科技创业辅导公司、益贝优创业孵化基地等，孵化电商企业200多家。2023年高阳县快递业务总量2.55亿件，排名全市第一位。2024年1至10月，高阳县快递业务量2.83亿件，同比增长34.88%，居全市第一位，全省第二位。",https://www.spb.gov.cn/gjyzj/c100196/202412/56ca66d70b7d4b278b3233c8165a8508.shtml
78,河北高阳小毛巾织出大未来,上游新闻,2024-09-21,,毛巾产业、品牌建设、电子商务,"高阳县有着""中国纺织之乡""的美誉，这里年产毛巾35万吨，拥有全国最大的毛巾专业批发市场——高阳纺织商贸城。高阳现有纺织专业村158个、纺织企业4200余家，2023年纺织产业集群年产值达到579亿元，占全县工业总产值的75%左右。其次，品牌建设取得了长足进步。高阳县拥有纺织类中国驰名商标4个，还拥有一大批河北省名牌和优质产品、自主产品标识等，2023年高阳纺织（毛巾）产业集群列入河北省以及国家级中小企业特色产业集群行列。此外，企业运营销售方式灵活，销售产品遍及国内外，销售渠道逐渐丰富，除了传统的批发市场、大型连锁店、大型商超等销售渠道，线上销售也在逐渐增多。政府也大力推动纺织产业数字化转型。",http://www.ctdsb.net/c1666_202409/2260564.html
79,从传统纺织到智能织造，河北小城的蜕变之路,中国纺织工业联合会,2024-08-27,,纺织行业、数字化转型、环保治理、品牌建设,"4000多家纺织生产企业，12.5万从业者，贡献着当地一半以上的财政收入。虽然拥有着成熟产业链条，但长期以来，高阳纺织产业存在着人力成本攀升、粗放经营等问题。这也让当地意识到，""数智化""才是必由之路。为让数字化赋能每一家企业，2023年7月份，""高阳纺织产业数字化服务平台""和""高阳数字云展馆""集中上线运营，有效整合专家、法律支持、融资产品，为企业提供全方位服务。柏立信开始成立自有品牌，凭借过硬的制造实力和独特的设计，逐步打开销量。""目前公司的自有品牌在沃尔玛、亚马逊等平台均有销售，利润率比之前做代工时翻了几倍。""环保压力下，这些年，高阳建成日处理能力26万吨的污水处理厂，解决了""水""的问题；建设完成年产蒸汽280万吨的集中供热项目，解决了""气""的问题。2023年10月，工信部公布2023年度中小企业特色产业集群名单，河北省保定市高阳县毛巾纺织成功入选。",https://www.cntac.org.cn/zixun/hangye/202408/t20240827_4355864.html
80,"""中国纺织之乡""，成为线上纺织新高地",中国新闻网,2024-09-12,,纺织行业、电子商务、品牌建设,"高阳县是""中国纺织之乡""，近年来，高阳纺织在电商大潮下迅速崛起，如今拥有淘宝乡镇4个，电商企业千余家，电商店铺上万家，成为线上纺织的""新高地""。官方数据显示，2023年高阳县快递业务量25483.91万件，同比增长51.12%，业务量排名全市第一，全省第二。2024年1-7月，高阳县快递业务量19000万件，同比增长43.39%，保持优势地位。三利毛巾2008年成为某电商平台第一批自营商家，2014年着重在电商领域发力后，目前其已成为电商家纺类目头部品牌。目前各大电商平台上，高阳参与""直播""的企业在2000家以上，纺织业年网上交易额达50亿元。",https://www.chinanews.com.cn/cj/2024/09-12/10284615.shtml
81,河北高阳县全力推进纺织产业高质量发展,中国纺织经济信息网,2024-03-12,,纺织行业、产业升级、数字化转型、循环经济,日前，高阳县循环经济示范县建设顺利通过国家有关部门验收，成为国家循环经济示范县。抓技改，提升纺织产业质量效益。近年来，高阳大力支持纺织企业加快技术改造和设备更新，县财政每年拿出500万元专项资金，大力支持纺织企业进行技术改造、更新生产设备。目前，全县拥有国内外先进无梭织机2万台套，近两年新增7000多台套；40多家印染企业陆续入园，更新升级了先进设备。重创新，激发纺织产业内生动力。制定出台《高阳县促进科技创新的支持奖励政策》《高阳县加强工业设计创新和成果保护的支持奖励政策》等系列文件，设立高阳县工业设计发展专项资金，每年安排200万元资金支持工业设计发展。促转型，推动纺织产业数字化发展。高阳县拓展应用场景、赋能企业数字化转型，推动纺织产业向高端化、智能化、绿色化方向发展。,http://news.ctei.cn/domestic/gnzx/202403/t20240313_4342776.htm
82,高阳毛巾纺织产业集群产值达742亿元,河北日报,2024,,毛巾产业、产业集群、品牌建设,"目前，高阳全县有纺织工贸企业4200余家，以毛巾为主，各家企业又开发出各类盖毯、床上用品以及棉柔巾等万余种商品。一条毛巾，在高阳延伸出一个产值742亿元的产业集群。2023年，高阳县毛巾纺织产业集群获评国家级中小企业特色产业集群。今年，""高阳毛巾""还被列入""首批中国消费名品区域品牌""。",http://m.toutiao.com/group/756066509795847875/
83,河北省毛巾产品质量分级导则 T/FXJXH 001-2025,河北省纺织纤维检验协会,2025,T/FXJXH 001-2025,毛巾产业、质量标准、品牌建设,河北省纺织纤维检验协会发布《河北省毛巾产品质量分级导则》（T/FXJXH 001-2025）。该标准对河北省毛巾产品的质量进行了分级规范，为毛巾产品的质量控制、等级评定提供了技术依据。这是高阳毛巾产业标准化建设的重要举措，有助于提升区域毛巾产品的整体质量水平和市场竞争力。,https://m.ebiaozhun.com/std/8126826d1ff54742a605e6f6139de4b6.html
84,2025年高阳县经济社会发展主要预期目标,凤凰网河北,2025-01-16,,纺织行业、政策支持、产业集群,"2025年，高阳县经济社会发展的主要预期目标包括：地区生产总值增长6.5%以上，规上工业增加值增长8.5%左右，一般公共预算收入增长6%左右，固定资产投资增长10%左右，社会消费品零售总额增长7%左右，城乡居民人均可支配收入分别增长6%和6.5%左右。2025年，高阳县将""走好九条路""，包括走好全链条产业转型之路，打造结构更优的智造高阳；走好一体化绿色转型之路，打造底色更靓的生态高阳。",https://hebei.ifeng.com/c/8gBylbyt5fb
85,保定高阳县推动传统纺织产业高端化智能化绿色化发展,长城网,2025-04-23,,纺织行业、数字化转型、品牌建设、环保治理,"承载着400年左右的纺织历史，毛巾产量占全国三分之一，高阳县享有""中国纺织之乡""的美誉。日前，高阳县又迎来喜讯，""高阳毛巾""被工业和信息化部确定为""中国消费名品区域品牌""。截至2024年底，高阳县拥有纺织类中小企业4200家，毛巾纺织产业集群规模以上工业企业116家，纺织业总产值达740亿元，占全县工业总产值的75%左右。先后获得国家中小企业特色产业集群、国家外贸转型升级示范基地县、亚洲电商产业带示范基地、中国纺织之乡、中国纺织基地县、中国毛巾·毛毯名城、河北省先进制造业集群、河北省""三品""战略示范城市等诸多荣誉。绿色转型，绘就生态发展图景：围绕""五联、六共、七智、八化""发展思路，高阳县推动印染企业搬迁入园。数字赋能，助推产业转型升级：该平台集聚高阳县及周边纺织全产业链资源要素。品牌驱动，提升市场竞争能力：高阳县出台多项支持企业发展的扶持政策，与多家高等院校建立合作关系。",https://bd.hebccw.cn/system/2025/04/22/102055296.shtml
86,"""高阳毛巾""成为中国消费名品区域品牌",人民网-河北频道,2025-03-05,,毛巾产业、品牌建设、数字化转型,"日前，河北省""高阳毛巾""被国家工业和信息化部确定为中国消费名品区域品牌。高阳纺织业始于明末，兴于晚清，盛于民初，繁荣于改革开放，400多年历史长盛不衰，毛巾产量占全国三分之一。近年来，高阳县以高质量发展为引领，推动传统纺织产业走上高端化、智能化、绿色化发展的转型之路。加速集群数字化转型。高阳县建设运营高阳亿尚毛巾数字化服务平台，打造纺织""产业大脑""，形成线上线下相结合的""虚拟集团""；培育打造了永亮、图强、三利、宏润4个省级数字化车间。区域品牌打造与推广。高阳县全力打造""高阳优品""区域品牌，制定高于国家和行业标准的优品标准体系，提升品牌价值。大力推广绿色工艺。高阳县大力推动印染最新V3.0""零排放""工艺实施，引入智能自动化印染前处理生产线。截至2024年底，高阳县拥有纺织类中小企业4200家，毛巾纺织产业集群规模以上工业企业116家，纺织业总产值可达740亿元，占全县工业总产值的75%左右。",http://he.people.com.cn/BIG5/n2/2025/0305/c192235-41154616.html
87,河北省特色产业集群发展经验交流 | 数字化引领高阳纺织产业集群的转型之路,河北省工业和信息化厅,2025-01-09,,数字化转型、纺织行业、产业集群、政策支持,"高阳纺织产业集群一路""披荆斩棘""，成功崛起为一个集纺纱、织造、印染、服装等全产业链于一体的现代化纺织产业集群。纺织企业数量4200余家，规模以上企业116家，拥有国家级绿色工厂1个、国家级众创空间1家、省级科技企业孵化器1家、培育出51家高新技术企业和16家""专精特新""中小企业。集群产值在全县工业总产值中占比超60%，是高阳县经济的""顶梁柱""，产品远销100多个国家和地区。2024年1-11月，高阳县毛巾纺织产业总产值完成600.53亿元，同比增长10.1%。

（一）注重政策引领，科学制定规划。高阳县出台《""数字高阳""建设方案》等政策文件，明确目标任务，加大投资支持，为企业数字化转型""撑腰打气""。

（二）设立研发基金，注重人才培养。以冀中药业、宏润公司等为代表的17家企业设立了1.64亿元的""资金池""，成功实施科技成果转化项目28个。

（三）推进数字改造，建设共享工厂。培育打造永亮、图强、三利、宏润4个省级数字化车间。

（四）打造产业大脑，强化平台赋能。建设运营高阳亿尚毛巾数字化服务平台，打造纺织""产业大脑""。

（五）深化品牌建设，提升产品附加值。高阳县大力培育""高阳毛巾""区域品牌。",https://gxt.hebei.gov.cn/hbgyhxxht/xwzx32/stdt65/2025041919133291914/index.html
88,高阳县未来10年发展方向规划方案,高阳县政府,2025,,纺织行业、产业集群、政策支持、品牌建设,"织就千年纺乡新图景——保定市高阳县未来10年发展方向规划方案。

一、战略愿景：锚定三重坐标，绘就发展蓝图
高阳县的未来10年，是立足自身根基、借力区域红利、拥抱时代变革的10年。我们将以精准的战略定位为罗盘，以清晰的阶段目标为灯塔。

（一）核心战略定位
1. 全国纺织商贸名城：以纺织产业数智化转型为核心，打通研发、设计、生产、销售全产业链，扩大""高阳毛巾""区域品牌影响力，打造千亿级产业集群和""世界纺客目的地""。
2. 环雄安现代产业承载地：立足雄安南大门的区位优势，构建""雄安研发+高阳制造""的协作模式。
3. 保东南城乡融合发展示范区：推动城乡基础设施互联互通、公共服务均等化、产业发展协同化。
4. 白洋淀南绿色发展示范区：坚守生态底线，深化循环经济实践，筑牢白洋淀生态屏障。

二、产业升级：织强""纺织内核""，培育""多元引擎""
产业是县域发展的根基，高阳县将以纺织产业转型升级为核心，同步培育新兴产业、壮大配套产业，构建""一核引领、多极支撑""的现代产业体系。

（一）纺织产业：从""规模优势""到""品质标杆""的蝶变
1. 数智赋能，打造""产业大脑""：深化纺织产业数字化服务平台建设。
2. 品牌聚力，做强""高阳优品""：完善""高阳优品""标准体系，将准入门槛与国际先进标准接轨。
3. 绿色转型，构建""循环生态""：全面推进共享智造·生态印染产业园建设。",http://m.toutiao.com/group/7593559005897835058/
89,高阳共享智造赋能产业绿色转型,河北省工业和信息化厅,2026-03-20,,纺织行业、环保治理、产业集群、共享工厂,"高阳是全国著名的纺织之乡，纺织产业获评国家中小企业特色产业集群，年产值达852亿元。近年来，高阳县以共享智造·生态印染产业园为载体，以龙头企业引领的共享工厂为抓手，系统推进产业绿色转型与共享赋能。

聚焦绿色转型，以""五个集中""重塑产业生态：
1.坚持抱团入园、推动产能集中整合。推进一二期总投资14.25亿元、占地447亩的13个印染企业入园项目建设，实现全县印染产能全部入园集中承载。
2.坚持绿色发展，实现污水集中处理。盘活污水处理厂闲置三期设施，节约建设用地208亩，减少土地投资8320万元。
3.坚持低碳循环，实现能源集中利用。优化集中供热工程，减少输送管道70余公里，基本实现热量""零损耗""。
4.坚持配套保障，实现要素集中供给。实施总投资6.87亿元的园区基础设施及配套建设项目。
5.坚持智慧赋能，实现数据集中管理。搭建智慧园区管理平台，对生产、能耗、排放等数据进行深度共享。

龙头引领示范，共享工厂激活中小企业新动能：
以河北圣翔纺织科技有限公司为代表的龙头企业，率先探索""共享工厂""模式，把高端设备、先进工艺、研发技术等向中小纺织企业开放共享。",https://gxt.hebei.gov.cn/hbgyhxxht/xwzx32/dfgz28/2026032009422397104/index.html
90,高阳家纺亮相燕赵品牌发展大会 解码家纺集群发展之道,新华网,2026-05-12,,纺织行业、品牌建设、产业集群、数字化转型,"2026世界品牌莫干山大会燕赵品牌发展大会5月11日在浙江省湖州市德清县举行。河北省高阳县委副书记、县长赵胜男在会上围绕""赓续百年纺织文脉 打造千亿家纺集群""主题，分享了高阳家纺产业发展及品牌建设经验。高阳纺织在民国时期就已享誉全国，有""桂林山上无杂木，高阳花布四季新""的美誉。全县现有纺织企业4200余家、从业者12.5万余人，年产毛巾约50亿条，产业产值达852亿元。高阳县毛巾纺织产业集群获评国家级中小企业特色产业集群，高阳毛巾区域品牌入选首批中国消费名品名单。高阳家纺已构建起全品类、全场景、全龄段的产品体系。床品、布艺、宠物用品等一应俱全；深耕抗菌抑菌、冷感速干等专业功能，覆盖居家日用、运动户外、酒店康养、医护清洁等使用场景；在使用人群上兼顾老幼、呵护全家；在时尚方面引领潮流，或将萌趣形象""织""入产品吸引年轻群体，或推出""会唱曲的毛巾""，或与国际品牌、机构联名，提升海外美誉度。高阳家纺产品不仅畅销全国，更远销全球100多个国家和地区。在智能化发展方面，高阳围绕原料集采、科技研发、中试验证、工业设计、生产设备、关键工序等9个环节，打造了共享智造的""高阳模式""，全产业链数字化、协同化、集约化水平实现跨越式提升。",http://he.news.cn/20260512/59b6d1f5da7f4b0c89f2b9b1a52fd002/c.html
91,高阳毛巾制品 毛巾 团体标准 T/FXJXH 003-2025,河北省纺织纤维检验协会,2026-01-04,T/FXJXH 003-2025,毛巾产业、质量标准、品牌建设、创新研发,河北省纺织纤维检验协会发布《高阳毛巾制品 毛巾》团体标准（T/FXJXH 003-2025），于2026年1月4日发布并实施。该标准规定了高阳毛巾产品的术语和定义、要求、抽样、试验方法、检验规则和标志包装。适用于以纺织纤维为原料的各类毛巾产品。标准对产品的基本安全技术要求应符合GB 18401规定，婴幼儿及儿童产品应符合GB 31701规定。产品的质量分为优等品、一等品和合格品。内在质量包括重量偏差率、断裂强力、吸水性、脱毛率、纤维含量偏差和色牢度。优等品吸水性≤5秒，一等品≤10秒，合格品≤15秒。脱毛率优等品≤0.5%，一等品≤1.0%，合格品≤1.5%。外观质量包括规格尺寸偏差率、疵点、缝制质量和整烫质量。起草单位包括国家羊绒产品质量检验检测中心、河北柏立信家纺股份有限公司、河北宏润新型面料有限公司、河北金温迪纺织有限公司、如是河北纺织品制造有限公司、河北三利毛纺有限公司、高阳县尚品家纺制造有限公司、河北向峰制造有限公司、河北旭升纺织有限公司等。该文本规范文件主要针对高阳地区生产的毛巾类产品制定了统一的技术要求与检测方法，为毛巾制品的原料选用、生产加工及成品检验提供了具体的技术依据。,https://www.spc.org.cn/online/a1078d124e0f5cc17dea7e49dd51a609.html
92,河北柏立信家纺股份有限公司企业简介,企查查,2026,,毛巾产业、品牌建设、外贸出口、数字化转型,"河北柏立信家纺股份有限公司成立于2009年4月，董事长为刘俊山。公司专注于毛巾产品的研发与生产，拥有柏立信、朵柔两个自主品牌，产品线覆盖毛巾的浆、织、漂、染、绣等完整生产流程。企业配备国际先进的津田驹喷气织机和苏尔寿剑杆织机等设备，年产能达3200吨，产品主要销往欧盟、日本、美国及东南亚等34个国家和地区。公司注册资本4616万元，坐落于""中国纺织之乡""河北高阳，位于雄安新区大经济区，占地面积67000平方米，总资产3.5亿元。2011年淘汰落后产能，升级改造，投资2亿元建立现代化新厂区，引进意大利""宝马泰克""剑杆提花织机、日本""丰田""喷气提花织机，进行设备数字化、自动化、智能化更新改造和工艺升级。2013年在天津股权交易所挂牌上市。多年来，企业出口量稳居河北同行业首位。专注毛巾制品出口20余年，年出口额超1.6亿元，占公司年产值的95%以上。通过了ISO9001质量管理体系和OEKO-TEX Standard 100欧洲生态纺织认证，成为Sedex成员、迪士尼中国授权商。荣获""河北省名牌产品""称号、""十佳诚信企业""称号、""国家高新技术企业""认定、被河北省工业和信息化厅认定为工业企业技术研发中心。在高阳县推动纺织产业向品牌化、高端化、数字化转型的背景下，该公司通过参与""高阳优品""集体品牌建设，进一步巩固了市场地位。2026年5月参加2026世界品牌莫干山大会燕赵品牌发展大会并进行展览推介。",https://www.qixin.com/company/2c9a9b45-084e-44e2-803d-e23c806edc81
